TCI,TCSC,exp,expmod,cm,cvbin,frqbin,abin,kurt,vfleak,M,A1,A2,A3,mav,psr,hilb,SamEn,x3,x4,x5,x1,x2,bCP,bWT,bW,Li,count1,count2,count3,VF
438.42,46.8,120,120,0.09965800000000001,0.16016,1.75,800,0.15317,0.5832,1.8463,0.013544,0.35512,1.0334,0.5969300000000001,0.0925,0.09625,0.1665,0.0096583,9,1.893,0.5315300000000001,0.0033383,0.354,0.29044000000000003,1.6479,12.889000000000001,23.5,78.75,10.95,0
449.1,46.467,60,120,0.11959000000000002,0.15713,1.75,805,-0.053068,0.60206,1.8556,0.010722,0.33294,1.0707,0.6290100000000001,0.090625,0.10312,0.17407999999999998,0.012657,12,1.893,0.5644899999999999,0.0022076,0.22399999999999998,0.47143999999999997,1.77,10.418,21.25,83.75,10.720999999999998,0
466.82,49.533,90,135,0.09965800000000001,0.1649,1.75,792,-0.15992,0.58141,1.8511,0.0079217,0.40213000000000004,1.1196,0.64374,0.0925,0.0975,0.16576,0.015831,12,1.893,0.33149,0.0025204999999999997,0.27,0.57652,2.0752,18.861,18.25,83.25,9.5106,0
549.38,52.6,120,120,0.089692,0.17177,1.75,780,-0.39949,0.59277,1.7017,0.0,0.51941,0.81257,0.71385,0.073125,0.089375,0.12743,0.011373000000000001,15,1.893,0.25013,0.0016874000000000001,0.264,0.56407,1.9531,14.784,22.0,86.75,11.799000000000001,0
426.55,56.533,135,105,0.11959000000000002,0.18101,2.25,763,-0.43015,0.51779,1.6104,0.014365000000000001,0.39363000000000004,0.7165699999999999,0.6843899999999999,0.088125,0.1,0.19576,0.011764,16,2.0151,0.49223999999999996,0.0013864,0.242,0.45114,1.4648,12.842,28.75,78.75,13.537,0
425.68,48.6,45,120,0.11959000000000002,0.17619,2.0,772,-0.2066,0.48344,1.6234,0.01576,0.39955,0.70413,0.65181,0.09125,0.10063,0.19399999999999998,0.011678000000000001,14,2.0151,0.50457,0.0015033,0.28600000000000003,0.43593999999999994,1.4648,10.374,29.75,81.25,14.219000000000001,0
551.93,53.533,210,120,0.09965800000000001,0.18048,2.0,764,-0.59195,0.56089,1.7165,0.0,0.54891,0.93986,0.7956,0.080625,0.0875,0.13244,0.020589,16,1.893,0.23028,0.0022134,0.23399999999999999,0.68862,1.9531,9.2532,33.5,82.0,16.4,0
311.66,34.266999999999996,30,210,0.089692,0.11762,1.25,864,2.1679,0.77445,2.7771,0.0026484,0.2479,2.2305,0.45438,0.090625,0.086875,0.13344,0.002833,6,1.6488,0.49341,0.0073595,0.39399999999999996,0.30013,3.6621,13.600999999999999,21.0,86.5,11.059000000000001,0
291.17,64.133,105,150,0.15945,0.223,2.75,665,-0.32283,0.77703,1.9961,0.038803,0.30732,1.808,0.7166899999999999,0.1,0.10937999999999999,0.23240999999999998,0.011644,13,1.7709,0.1953,0.006312600000000001,0.33399999999999996,0.4084,2.1973,11.43,16.25,89.0,8.2525,0
321.55,53.333,30,195,0.17937999999999998,0.21599000000000002,2.75,685,-0.23124,0.77104,2.3365,0.022337,0.27776999999999996,2.1252,0.6190899999999999,0.0975,0.11062999999999999,0.18875999999999998,0.0074072,8,1.7709,0.28479,0.008605,0.384,0.40761,3.6621,8.456,24.75,95.0,16.188,0
911.99,8.7333,120,75,0.09965800000000001,0.047548,1.5,950,8.7222,0.8481700000000001,1.1366,0.05481799999999999,0.41313,0.21598,0.2409,0.041875,0.040625,0.10303,0.00062117,5,8.9766,0.2661,0.28723000000000004,0.858,0.053411,8.8501,25.809,23.75,70.0,7.9545,0
849.91,8.6,90,75,0.089692,0.049345,1.25,948,9.9753,0.8432,1.2826,0.043098000000000004,0.35015,0.40992,0.23335999999999998,0.043125,0.04,0.11105,0.00081802,4,8.2438,0.26378,0.29248,0.9,0.047006,8.9111,9.9584,20.75,61.75,6.0439,0
926.95,8.2,120,75,0.089692,0.050241,1.25,947,6.9183,0.8617299999999999,4.5195,0.010445,0.079928,3.2741,0.27539,0.04625,0.048125,0.09997400000000001,0.0006812000000000001,5,1.1602,0.24214000000000002,0.24884,0.85,0.066787,9.2163,29.886999999999997,21.5,63.25,6.4988,0
919.39,8.9333,120,75,0.079726,0.046646,1.25,951,8.1173,0.8297399999999999,4.5781,0.010139,0.07271,3.2559,0.25296,0.046875,0.048125,0.10444,0.00067551,5,2.2594,0.25103000000000003,0.25644,0.87,0.075692,8.606,26.084,24.5,68.25,8.0198,0
927.16,8.0,90,75,0.06976,0.039358,1.0,959,9.9781,0.8676200000000001,4.68,0.009676,0.073523,3.3433,0.23113000000000003,0.044375,0.041875,0.10163,0.00055548,4,2.2594,0.23475,0.26252,0.892,0.049259,8.8501,11.956,19.75,60.5,5.6163,0
921.7,8.4667,120,90,0.079726,0.047548,1.25,950,7.7125,0.8525799999999999,4.3971,0.012246,0.07836699999999999,3.3795,0.25495,0.044375,0.051875,0.099927,0.0005928999999999999,5,2.2594,0.23811999999999997,0.25611999999999996,0.86,0.068311,8.667,24.766,23.5,67.25,7.5707,0
920.41,8.0,90,75,0.06976,0.037517,1.0,961,10.123,0.86424,1.1892,0.048316000000000005,0.39366999999999996,0.27883,0.22127,0.040625,0.03875,0.099878,0.00061929,4,8.7323,0.24366999999999997,0.27463000000000004,0.8959999999999999,0.044032,8.7891,14.415999999999999,20.25,62.0,5.8806,0
702.57,28.4,120,120,0.17937999999999998,0.21335,3.0,692,2.7675,0.70987,2.4372,0.017238,0.23481,1.9675,0.37087,0.07625,0.07875,0.13725,0.00033214,4,2.7479,0.5987399999999999,0.062847,0.7240000000000001,0.15108,5.5542,36.787,15.75,66.0,5.4211,0
303.28,67.533,210,195,0.18935,0.23984,3.25,602,-1.1394,0.38139,1.1623,0.0055118,0.68805,0.21418,0.8902700000000001,0.1,0.11125,0.31426,0.078827,26,3.3586,0.9661299999999999,0.0031888999999999997,0.055999999999999994,0.79319,0.36621,23.233,36.25,90.0,20.913,1
334.0,68.933,60,180,0.14949,0.23091,2.75,639,-1.1317,0.32504,1.1858,0.009815299999999999,0.78552,0.37267,0.8711399999999999,0.09875,0.11062999999999999,0.27894,0.092076,24,2.9922,0.95421,0.004919,0.098,0.8475600000000001,0.30518,17.043,36.0,94.5,23.958000000000002,1
591.98,6.3333,180,105,0.22921,0.24491999999999997,5.0,573,10.835999999999999,0.79932,2.9612,0.019549,0.11358,2.562,0.22513000000000002,0.045625,0.053125,0.09751,0.001352,7,3.4807,0.43759,0.20199999999999999,0.852,0.1915,8.5449,3.6564,20.0,72.0,6.9734,0
591.49,6.3333,180,105,0.25911,0.24765,5.25,551,10.652000000000001,0.7983100000000001,2.9062,0.020546000000000002,0.11256,2.4974,0.2233,0.0475,0.050625,0.11325,0.0015622,7,3.4807,0.46086000000000005,0.19249000000000002,0.852,0.14257999999999998,8.4839,3.2426,25.75,72.75,9.4731,0
190.75,68.8,360,225,0.16942000000000002,0.23769,3.5,612,-0.7993600000000001,0.52668,2.2444,0.0027078000000000002,0.39257,1.6469,0.75132,0.091875,0.094375,0.17009000000000002,0.0257,15,3.725,0.7206899999999999,0.11732999999999999,0.34,0.39545,5.0659,25.448,55.75,100.5,41.122,0
333.34,40.266999999999996,0,150,0.12955999999999998,0.08767899999999999,2.0,903,4.0286,0.7563,3.1860000000000004,0.008314100000000001,0.20193,2.5684,0.54855,0.063125,0.07375,0.15933,0.00034895,3,2.1373,0.32666,0.081496,0.57,0.30937,7.2632,41.601000000000006,32.0,82.5,16.347,0
513.52,7.6,210,120,0.24914,0.21924000000000002,5.25,676,8.9679,0.76236,1.7111,0.034736,0.28226999999999997,1.0399,0.25281,0.045,0.06375,0.13655,0.0017631,8,5.9233,0.37001,0.1709,0.742,0.24831999999999999,7.9346,2.2977,30.0,78.75,13.815999999999999,0
539.55,7.1333,180,120,0.20928000000000002,0.19867,4.5,727,11.032,0.73315,1.7415,0.033497000000000006,0.30766,1.0546,0.22696,0.040625,0.04625,0.076589,0.00092465,7,5.5569,0.47784,0.18,0.8079999999999999,0.1766,7.4463,2.8151,26.0,76.25,10.392999999999999,0
590.73,7.0667,180,105,0.21925,0.23963,4.0,603,10.216000000000001,0.8176399999999999,2.7617,0.027826,0.13044,2.3886,0.23396999999999998,0.050625,0.058125,0.088762,0.00035968,7,3.4807,0.46798,0.16526,0.8320000000000001,0.1847,8.4229,3.0034,25.75,75.0,9.6322,0
589.56,8.5333,150,105,0.13952,0.15774000000000002,2.5,804,8.1792,0.8224100000000001,2.5306,0.028561000000000003,0.15059,2.0619,0.25232,0.045,0.0575,0.10459,0.0006696,7,3.4807,0.4776,0.16734000000000002,0.7859999999999999,0.21896,7.2021,4.1799,27.5,76.25,10.484000000000002,0
600.78,6.8,165,105,0.13952,0.24935,3.25,530,10.833,0.8215899999999999,2.7824,0.023341,0.1231,2.3364,0.2213,0.038125,0.043125,0.08727,0.00052891,7,3.3586,0.46274,0.13931,0.8540000000000001,0.19755,8.1787,3.3055,21.75,71.0,7.6259,0
600.86,6.9333,180,105,0.15945,0.24794000000000002,3.5,548,9.9974,0.81352,1.3823,0.053398,0.32354,0.62311,0.22623000000000001,0.043125,0.0525,0.09728099999999999,0.00057799,7,6.6561,0.46056,0.13847,0.82,0.20842,8.2397,3.7432,27.25,76.25,10.325,0
619.57,6.6,150,90,0.15945,0.25003000000000003,3.25,515,11.72,0.80896,1.4347,0.0532,0.31238,0.6643600000000001,0.22646,0.0475,0.0525,0.10987999999999999,0.00064219,6,6.6561,0.45518000000000003,0.14458,0.82,0.19599,8.1787,1.3911,23.75,72.75,8.5641,0
594.45,6.9333,180,105,0.17937999999999998,0.24688000000000002,3.75,558,10.305,0.8059999999999999,1.4107,0.051613,0.30576,0.66488,0.22225999999999999,0.04125,0.049375,0.094187,0.00052323,7,6.7782,0.46593999999999997,0.14312,0.8340000000000001,0.19475,8.3008,2.208,27.0,77.25,10.364,0
350.44,54.467,135,240,0.22921,0.23535,4.25,622,-0.5978399999999999,0.34606,1.3588,0.008681399999999999,0.55981,0.36946,0.61358,0.09875,0.11563,0.40926,0.069436,21,4.0914,0.92086,0.012075,0.14,0.46553999999999995,1.8311,59.99100000000001,35.25,91.25,21.956,1
217.04,53.067,150,240,0.14949,0.20440999999999998,2.75,714,-0.35645,0.36162,1.3288,0.014388999999999999,0.56688,0.33029000000000003,0.6441899999999999,0.1,0.10937999999999999,0.35283000000000003,0.037742000000000005,18,3.8471,0.91432,0.011097,0.136,0.46597,1.709,70.046,32.75,103.75,24.27,1
248.66,53.0,60,225,0.20928000000000002,0.22891,3.75,646,-0.049542,0.35034,1.1631,0.030993,0.5724899999999999,0.27013000000000004,0.54655,0.0925,0.10437,0.37917,0.020537,21,4.4577,0.91659,0.014596000000000001,0.212,0.40631999999999996,1.1597,58.06,19.75,87.25,11.064,1
218.22,59.933,375,300,0.25911,0.23942,4.75,604,-0.60931,0.29705,1.018,0.032201,0.64267,0.075863,0.6543800000000001,0.10063,0.115,0.4536,0.035933,19,5.678999999999999,0.92774,0.0041655,0.136,0.55335,0.6713899999999999,35.571,28.75,90.75,16.307000000000002,1
182.23,47.933,120,270,0.21925,0.22233000000000003,4.75,667,0.1906,0.44348999999999994,0.9387700000000001,0.048945999999999996,0.48823,0.059699,0.56112,0.094375,0.10937999999999999,0.43478999999999995,0.039888,21,6.2897,0.8806299999999999,0.016153,0.182,0.54786,2.9297,78.73,33.0,98.75,22.244,1
191.44,56.467,135,210,0.18935,0.2118,3.5,696,-0.16036,0.54194,0.8604799999999999,0.09983600000000001,0.47439,0.047342,0.5705600000000001,0.0975,0.10937999999999999,0.41999,0.04312,20,6.2897,0.7570100000000001,0.013054,0.146,0.66857,3.8452,41.211000000000006,28.25,90.5,15.929,1
431.92,17.867,120,75,0.12955999999999998,0.17619,2.25,772,7.14,0.8604700000000001,5.6075,0.001077,0.17342,2.3882,0.24572,0.06125,0.07375,0.15188,0.0021443,5,1.2824,0.37956,0.08187,0.672,0.11490999999999998,6.3477,13.415,18.25,64.25,5.505,0
427.48,19.133,135,120,0.15945,0.18048,2.5,764,5.7851,0.87485,5.8873,0.00059996,0.1819,2.4427,0.26598,0.0625,0.073125,0.1505,0.0026958999999999998,6,1.2824,0.38397,0.079749,0.636,0.12927,6.3477,8.9879,13.5,62.75,4.0339,0
793.13,14.667,120,90,0.15945,0.17619,3.0,772,9.0131,0.86541,6.5044,0.0,0.14999,2.3908,0.23326999999999998,0.05,0.069375,0.13064,0.0016065,5,1.2824,0.37825,0.10964000000000002,0.726,0.11706,7.5684,5.9991,21.0,71.75,7.1665,0
811.97,13.8,120,90,0.11959000000000002,0.17565,2.0,773,8.2339,0.8888299999999999,6.809,0.0,0.14887,2.3703,0.22916999999999998,0.05875,0.06625,0.13057,0.0013857000000000001,5,1.2824,0.3455,0.12849000000000002,0.76,0.12335,7.5684,10.212,18.25,67.75,5.9302,0
635.68,13.667,120,90,0.12955999999999998,0.17008,2.75,783,9.2598,0.87359,6.5869,0.0,0.1403,2.4295,0.21715,0.053125,0.073125,0.12825,0.0010634,5,1.2824,0.41235,0.10565999999999999,0.718,0.08213200000000001,7.3242,11.519,17.5,68.5,5.6612,0
633.32,15.467,120,90,0.13952,0.17121,2.25,781,10.026,0.8903,6.8211,0.00063507,0.16810999999999998,2.256,0.2147,0.053125,0.0625,0.12389000000000001,0.0009763,5,1.2824,0.33610999999999996,0.12237,0.7859999999999999,0.093532,7.5684,8.4449,18.75,68.0,5.9859,0
800.34,11.667,120,75,0.12955999999999998,0.18154,2.0,762,11.405,0.88308,6.468999999999999,0.0,0.16585999999999998,2.3632,0.2067,0.051875,0.060625,0.12138,0.00078416,5,1.2824,0.34094,0.10285,0.7959999999999999,0.10570999999999998,7.6294,3.6486,20.75,70.0,6.9581,0
183.25,51.067,30,285,0.23918000000000003,0.21335,4.75,692,0.038597,0.46751000000000004,1.2186,0.035656,0.46013999999999994,0.35125,0.55695,0.0975,0.10437,0.47765,0.056929999999999994,21,5.1905,0.77784,0.022783,0.166,0.44171000000000005,1.2207,57.592,48.25,110.5,38.150999999999996,1
160.19,59.2,210,315,0.24914,0.22166,5.0,669,-0.46887,0.33992,1.0190000000000001,0.04584,0.5785600000000001,0.12300000000000001,0.64707,0.1,0.11062999999999999,0.49706000000000006,0.084468,23,6.0454,0.8948200000000001,0.021480000000000003,0.166,0.6140399999999999,1.4038,41.934,41.25,97.25,27.476,1
198.63,56.0,180,270,0.24914,0.21959,4.75,675,-0.015093,0.41072,1.0427,0.045882,0.4966,0.20133,0.58953,0.090625,0.11125,0.47081000000000006,0.042082,22,5.5569,0.83824,0.012270999999999999,0.192,0.58954,1.8311,39.260999999999996,36.75,94.5,23.426,1
334.61,29.8,30,135,0.18935,0.17889000000000002,3.0,767,1.8532,0.8497299999999999,6.1118,0.0025439,0.1445,1.8022,0.36983,0.0825,0.10125,0.2243,0.0031079999999999997,5,1.2824,0.33394,0.10549000000000001,0.7020000000000001,0.11410999999999999,7.2632,68.311,24.75,70.25,8.5334,0
435.33,27.333000000000002,180,150,0.17937999999999998,0.24971999999999997,3.0,523,3.2424,0.79067,2.8796,0.011835,0.25919000000000003,2.3215,0.3453,0.07625,0.091875,0.15454,0.0051012,10,2.3815,0.48084,0.053212999999999996,0.5379999999999999,0.35519,5.6152,4.9349,33.25,79.5,15.640999999999998,0
423.3,26.4,210,135,0.17937999999999998,0.2502,3.0,507,3.4318,0.8417100000000001,2.6048,0.012053,0.29304,2.1309,0.36624,0.08125,0.09625,0.15777,0.0053115,9,2.5037,0.54847,0.052247,0.53,0.33113000000000004,5.188,5.4639,31.5,81.5,15.327,0
431.63,20.666999999999998,150,135,0.14949,0.24589,2.75,566,3.6972,0.8140000000000001,2.7680000000000002,0.022025,0.21074,2.3278,0.33795,0.073125,0.090625,0.15231,0.0038851999999999997,9,2.3815,0.50153,0.057204,0.564,0.36379,5.6763,3.8798,29.0,77.5,13.519,0
473.37,27.267,180,135,0.18935,0.24999000000000002,3.0,516,3.7108,0.80979,2.8201,0.0098485,0.2674,2.346,0.36175,0.08125,0.088125,0.14078,0.0031493000000000003,8,2.1373,0.31784,0.049000999999999996,0.5820000000000001,0.25561,4.6387,5.0346,28.25,77.0,12.017999999999999,0
220.34,27.733,30,165,0.24914,0.20002,5.5,724,7.1415,0.64403,1.6945,0.03385,0.38452,0.9405100000000001,0.36646999999999996,0.071875,0.075,0.38445999999999997,0.0064122,8,4.8241,0.65468,0.061246,0.324,0.3563,4.9438,16.493,24.5,84.75,13.120999999999999,0
284.43,28.333000000000002,0,135,0.23918000000000003,0.17065,4.75,782,12.276,0.6615,1.5509,0.047830000000000004,0.31122,0.91876,0.41655,0.06125,0.065625,0.30841,0.0041563,2,4.702,0.57202,0.06363200000000001,0.23800000000000002,0.28464,5.9204,19.582,27.25,87.5,15.02,0
240.72,31.4,45,165,0.13952,0.13992000000000002,2.0,832,2.5289,0.59106,2.7798,0.0058608,0.27945,1.7342,0.54414,0.068125,0.078125,0.22426999999999997,0.0069503,9,2.1373,0.6661600000000001,0.022642,0.22399999999999998,0.35307,2.5635,24.807,25.75,81.0,12.144,0
453.32,17.867,30,210,0.25911,0.23510999999999999,5.0,623,5.0215,0.64088,1.1638,0.072633,0.30992,0.42455,0.28008,0.07875,0.089375,0.39107,0.0056326,4,5.4348,0.43325,0.15975999999999999,0.496,0.14558,7.8125,47.981,16.5,81.5,8.0164,0
222.84,44.933,180,225,0.15945,0.20224,2.75,719,0.35881,0.7148,2.2527,0.029251999999999997,0.26178,1.5977,0.51984,0.096875,0.10312,0.36409,0.014117,8,2.7479,0.53301,0.03482,0.34,0.19193,5.249,17.438,16.0,79.5,7.6054,0
161.4,44.733000000000004,150,270,0.25911,0.23281,5.75,632,0.28607,0.63294,1.6949,0.028151999999999996,0.34335,1.0925,0.52573,0.090625,0.10437,0.45653,0.034782,12,4.4577,0.67362,0.074174,0.23399999999999999,0.27285,4.9438,16.904,26.0,96.75,17.112000000000002,0
203.72,13.732999999999999,30,225,0.05979500000000001,0.051135,0.75,946,5.8407,0.6120899999999999,1.5272,0.038477,0.34779,0.81687,0.27575,0.064375,0.07,0.25339,0.004353,5,3.725,0.66772,0.023879,0.446,0.24195,3.2959,15.225,28.0,88.75,15.955,0
223.07,58.266999999999996,90,240,0.21925,0.20981,4.5,701,-0.26888,0.42566000000000004,0.96872,0.045602,0.5938,0.15029,0.68681,0.095625,0.11,0.40021,0.089229,23,4.5799,0.85388,0.0050128,0.114,0.62029,0.97656,48.739,49.0,99.5,33.799,1
277.79,36.266999999999996,150,120,0.17937999999999998,0.16195,3.0,797,1.4878,0.77941,1.615,0.053422000000000004,0.2836,1.0531,0.45121999999999995,0.076875,0.085625,0.14953,0.00075571,7,5.3127,0.3826,0.21336,0.638,0.13681,8.7891,3.1208,30.5,81.5,14.164000000000001,0
238.76,52.4,120,255,0.22921,0.20568000000000003,4.0,711,-0.55511,0.71618,0.8900299999999999,0.096335,0.36154000000000003,0.26921,0.65282,0.099375,0.1125,0.43723,0.032472,20,6.4118,0.32771,0.030175999999999998,0.212,0.45983999999999997,5.249,16.064,34.25,91.75,20.985,0
333.33,44.533,75,180,0.22921,0.1831,4.25,759,0.030535000000000003,0.74327,3.0176,0.020718,0.30954,2.0376,0.50708,0.084375,0.10625,0.31225,0.016441,8,2.1373,0.22245,0.077724,0.37200000000000005,0.14106,4.0283,5.8984,31.5,85.25,16.128,0
212.95,56.467,150,255,0.25911,0.20526,5.5,712,-0.39364,0.72026,2.9828,0.018035,0.24708000000000002,2.1046,0.61566,0.09125,0.1125,0.39323,0.020474000000000003,11,2.0151,0.26158000000000003,0.04607,0.31,0.24279,5.9204,19.516,26.25,75.25,11.222999999999999,0
507.16,11.333,60,150,0.13952,0.1419,2.0,829,8.5441,0.79218,1.0322,0.063913,0.40602,0.19114,0.26114,0.055625,0.060625,0.11424000000000001,0.00089764,3,7.0225,0.45321000000000006,0.069465,0.7759999999999999,0.044917,6.8359,63.876999999999995,16.5,68.5,5.73,0
702.6,11.933,30,105,0.11959000000000002,0.17344,2.25,777,10.142000000000001,0.80753,1.0059,0.069507,0.41756000000000004,0.16477999999999998,0.23881999999999998,0.06,0.06375,0.11639000000000001,0.00088013,2,7.1446,0.47228000000000003,0.068124,0.8320000000000001,0.0517,6.6528,57.979,12.5,64.25,4.0665,0
363.97,13.2,60,135,0.22921,0.19544,4.25,734,8.1124,0.7592800000000001,3.9104,0.014559,0.12645,3.1989,0.24275,0.070625,0.07375,0.27009,0.0047992,3,2.1373,0.38441,0.11160999999999999,0.61,0.12067,8.1177,31.783,30.25,81.25,13.579,0
598.42,7.8667,30,150,0.15945,0.17565,2.75,773,9.3836,0.80411,3.3538,0.017097,0.13269,2.9462,0.25156999999999996,0.056875,0.061875,0.11857000000000001,0.00048544,3,2.1373,0.37736,0.06366799999999999,0.8420000000000001,0.076491,6.897,46.503,11.5,61.25,3.4276,0
463.56,12.133,60,135,0.19932,0.15895,4.25,802,7.1115,0.78178,4.1902,0.0028537,0.13296,3.4471,0.27373000000000003,0.063125,0.06875,0.20775,0.0028116,3,1.7709,0.42133999999999994,0.059537,0.652,0.12666,6.8359,29.035,15.0,60.25,4.5644,0
900.0,40.733000000000004,60,75,0.11959000000000002,0.20092000000000002,1.75,722,1.2653,0.73848,3.2198,0.0029446,0.30996,2.2169,0.44523999999999997,0.088125,0.085625,0.15089,0.006208,5,1.1602,0.16125,0.0061205,0.434,0.16552,2.0752,59.361999999999995,26.0,84.75,14.193,0
211.81,34.733000000000004,30,225,0.21925,0.13521,4.0,839,1.7327,0.79164,5.4683,0.0012652999999999998,0.17029,2.9574,0.42005,0.0825,0.0925,0.30322,0.0054724,5,1.1602,0.34814,0.038462,0.364,0.24019000000000001,6.8359,36.843,15.5,75.0,6.4315,0
305.21,26.066999999999997,90,195,0.21925,0.14582,4.25,823,2.6036,0.69399,3.8889,0.010341,0.13777999999999999,3.1194,0.37982,0.07875,0.0875,0.33728,0.012294,6,2.0151,0.41993,0.053441999999999996,0.444,0.16644,6.6528,34.72,17.75,92.25,10.615,0
375.31,16.067,60,120,0.11959000000000002,0.09955599999999999,1.75,888,5.47,0.81576,4.8598,0.0056142,0.11984000000000002,3.0589999999999997,0.27747,0.058125,0.061875,0.122,0.0017762000000000001,3,1.4045,0.41073000000000004,0.042589999999999996,0.754,0.086117,6.4087,46.05,13.5,47.5,3.0355,0
373.81,16.267,60,210,0.10962000000000001,0.10722000000000001,1.5,878,5.0426,0.7609899999999999,3.8623,0.010066,0.14232,3.2765,0.31663,0.075,0.0725,0.17278,0.0016410999999999997,3,1.893,0.40131999999999995,0.05275,0.77,0.10954000000000001,6.7749,26.576,13.0,52.25,3.1593,0
434.17,11.0,120,135,0.18935,0.22266999999999998,3.5,666,8.8745,0.68797,2.0474,0.015275,0.28638,1.3856,0.27116,0.051875,0.064375,0.11539,0.00087477,5,3.4807,0.68999,0.053465,0.7040000000000001,0.18183,4.2725,14.489,19.75,64.25,5.9785,0
420.22,9.7333,120,105,0.19932,0.22494,3.75,659,8.8428,0.70048,2.1141,0.017209000000000002,0.28558,1.5084,0.26638,0.050625,0.065625,0.11634000000000001,0.00082325,5,3.4807,0.64486,0.063935,0.73,0.15772,4.6387,13.356,19.5,62.25,5.7326,0
393.53,9.4667,90,135,0.17937999999999998,0.23254,3.5,633,10.067,0.71353,2.2013,0.018049000000000003,0.2599,1.6165,0.24265,0.059375,0.066875,0.12618,0.0010718,4,3.3586,0.6197,0.066224,0.698,0.13465,4.6997,14.408,15.25,59.5,4.25,0
596.93,22.866999999999997,120,90,0.13952,0.21673,2.25,683,5.1353,0.68338,1.8012,0.033868999999999996,0.25566,1.1704,0.29427,0.065625,0.07375,0.16629000000000002,0.0015873,5,2.6258,0.64822,0.049684,0.604,0.21424,5.0049,6.893,20.25,70.0,6.734,0
163.62,55.467,120,240,0.23918000000000003,0.21561999999999998,4.5,686,-0.17361,0.42452,1.2936,0.010126000000000001,0.53518,0.1642,0.69725,0.1,0.10687,0.42433999999999994,0.042241,22,4.0914,0.95596,0.0059567,0.19399999999999998,0.41138,2.4414,70.406,45.5,94.5,27.0,1
221.13,52.733000000000004,60,240,0.22921,0.20440999999999998,4.25,714,-0.099087,0.42848,0.89795,0.078216,0.50147,0.08631799999999999,0.6058600000000001,0.1,0.10562,0.40907,0.040978,19,5.678999999999999,0.89187,0.0067033,0.184,0.45228,2.7466,37.888000000000005,37.0,90.75,20.921,1
200.22,54.467,180,255,0.26908000000000004,0.20736,5.25,707,-0.29203,0.51998,1.1022,0.062018,0.37889,0.38974000000000003,0.6491899999999999,0.09875,0.105,0.47638,0.034434,17,4.9463,0.56014,0.028466,0.132,0.556,4.5776,42.397,40.0,93.75,24.47,1
504.43,29.333000000000002,45,180,0.20928000000000002,0.1945,4.5,736,1.1937,0.6873199999999999,5.1845,0.0027684000000000003,0.12750999999999998,2.5855,0.42344,0.08,0.094375,0.25943,0.004793100000000001,7,1.4045,0.55697,0.069363,0.504,0.17644,5.6152,44.63,27.75,80.75,12.212,0
416.67,61.333,180,180,0.12955999999999998,0.24744000000000002,2.25,553,-0.46121,0.7491300000000001,1.8304,0.042482,0.27466,1.5995,0.71487,0.098125,0.11062999999999999,0.21971,0.0071359,13,2.1373,0.29473,0.010088,0.312,0.39213000000000003,2.5635,44.448,35.0,89.75,21.189,0
315.58,47.8,30,195,0.18935,0.20981,3.0,701,0.6240600000000001,0.71135,0.9761700000000001,0.085676,0.34714,0.30226,0.52982,0.0875,0.10063,0.21241999999999997,0.0035205999999999996,13,5.8012,0.70787,0.023191999999999997,0.514,0.36564,3.1128,8.4687,21.75,84.0,10.859000000000002,0
374.52,74.467,285,165,0.14949,0.23879,2.75,607,-1.3116,0.23319,1.0633,0.012041,0.74722,0.095695,1.016,0.093125,0.11062999999999999,0.25599,0.16939,23,2.8701,0.9712799999999999,0.0033303000000000004,0.07200000000000001,0.46828000000000003,0.30518,32.595,44.0,92.5,26.3,1
617.1,18.333,30,180,0.079726,0.07029400000000001,1.25,924,4.3944,0.70265,1.6551,0.036051,0.3597,0.9835200000000001,0.3506,0.065625,0.07375,0.16217,0.0031201000000000002,9,2.8701,0.56824,0.015094999999999999,0.52,0.25604,2.6855,8.3041,21.25,76.0,9.1114,0
502.3,16.6,120,105,0.16942000000000002,0.23535,3.0,622,5.4427,0.7689699999999999,5.9117,0.0021928,0.11109000000000001,2.6261,0.29913,0.064375,0.074375,0.14907,0.0017829,5,1.2824,0.50951,0.08316599999999999,0.772,0.13932999999999998,6.4697,8.413,19.75,61.0,5.6761,0
461.66,13.533,120,75,0.14949,0.2425,2.5,588,6.4415,0.76566,6.1076,0.0,0.12137,2.5234,0.31615,0.065625,0.064375,0.11919,0.0016642,5,1.2824,0.4825,0.086901,0.768,0.13693,7.3242,44.477,22.75,64.25,6.9604,0
253.74,72.4,180,225,0.18935,0.24195999999999998,3.75,591,-1.0317,0.21763000000000002,1.0603,0.005469,0.8191,0.029231,0.89174,0.09875,0.11438,0.35775,0.06448999999999999,23,3.9692,0.98244,0.00071959,0.078,0.55978,0.42725,68.255,29.75,86.75,16.57,1
255.09,62.467,150,225,0.15945,0.21335,3.0,692,-0.57187,0.33136,1.3745,0.0035268,0.62153,0.32066,0.73454,0.1,0.11188,0.31899,0.047327999999999995,24,2.8701,0.9624299999999999,0.00106,0.098,0.66578,1.2817,73.404,33.5,90.75,19.09,1
387.23,57.2,75,195,0.17937999999999998,0.22494,3.0,659,-0.09084099999999999,0.54173,1.8154,0.0087661,0.40663,1.0281,0.7128899999999999,0.10125,0.1075,0.32859,0.0442,19,2.0151,0.4329,0.004837,0.14,0.56938,1.8921,60.086999999999996,44.0,104.25,30.58,1
357.4,17.267,0,195,0.079726,0.075351,1.25,918,6.6924,0.8096399999999999,2.2669,0.025491,0.25329,1.7946,0.29754,0.0625,0.0775,0.14231,0.0045128,5,2.9922,0.63846,0.047779,0.602,0.21885,4.5776,9.3517,20.0,69.25,7.558,0
291.67,13.333,0,210,0.21925,0.23963,4.25,603,6.4459,0.81709,2.1758,0.035276,0.21425999999999998,1.6509,0.28546,0.059375,0.075625,0.13385,0.003815,6,2.9922,0.6302,0.04487,0.636,0.20733000000000001,4.6997,10.577,23.5,79.25,10.75,0
351.45,12.533,0,180,0.079726,0.071142,1.25,923,8.3594,0.8129,2.3243,0.028814,0.21925,1.8303,0.26275,0.058125,0.06625,0.13910999999999998,0.0028891,5,2.9922,0.61969,0.055879,0.6579999999999999,0.1715,4.6997,9.2716,20.25,65.5,6.5419,0
342.93,15.0,0,165,0.089692,0.081982,1.5,910,6.7342,0.84149,2.4489,0.023472999999999997,0.21628000000000003,2.0414,0.26594,0.059375,0.078125,0.12803,0.0029562,6,2.8701,0.60465,0.060835,0.64,0.19125,4.8218,8.5278,24.0,70.25,8.7358,0
335.82,18.733,0,165,0.089692,0.085249,1.5,906,6.0072,0.82794,2.2653,0.028566,0.23092,1.7742,0.29054,0.066875,0.08125,0.14964,0.0034165,6,2.8701,0.6148899999999999,0.049657,0.608,0.20214000000000001,5.0049,8.4838,18.75,65.75,5.9484,0
298.87,15.533,0,165,0.089692,0.086871,1.5,904,6.1516,0.82716,2.1773,0.027297000000000002,0.25258,1.6637,0.28951,0.06,0.074375,0.13025,0.0029365,6,2.9922,0.62646,0.051005,0.594,0.21064000000000002,4.6997,12.039000000000001,23.75,73.0,9.125,0
324.18,16.0,0,195,0.06976,0.071988,1.25,922,7.2764,0.8476,2.3251,0.032621,0.21763000000000002,1.8917,0.28795,0.0675,0.08375,0.21119000000000002,0.0049004,5,2.8701,0.6430600000000001,0.048604,0.478,0.22746,4.6997,10.402999999999999,21.0,67.5,7.3924,0
238.1,9.7333,0,180,0.23918000000000003,0.22891,4.75,646,7.138999999999999,0.80908,2.3243,0.027426999999999997,0.2155,1.8421,0.27111999999999997,0.055625,0.066875,0.13280999999999998,0.0032801,6,2.9922,0.63522,0.056627,0.6679999999999999,0.14815,4.6997,8.1701,26.25,74.0,11.196,0
301.61,13.867,0,180,0.20928000000000002,0.23836,4.5,609,6.9497,0.83672,2.4161,0.023112,0.21445999999999998,1.9789,0.2688,0.05625,0.065625,0.12162,0.0025911,6,2.9922,0.60877,0.054804,0.6859999999999999,0.17299,4.7607,6.4058,25.0,72.25,9.2391,0
359.38,15.267000000000001,0,180,0.079726,0.071988,1.25,922,7.9851,0.82991,2.3112,0.029774000000000002,0.21563000000000002,1.8823,0.27494,0.06,0.076875,0.13998,0.00307,5,2.9922,0.63636,0.043787,0.636,0.19435,4.6997,7.837999999999999,20.5,68.25,6.6074,0
347.01,18.4,0,165,0.079726,0.084435,1.5,907,6.1735,0.80565,2.2557,0.029838,0.22930999999999999,1.8189,0.29925999999999997,0.064375,0.075625,0.14925,0.0033169000000000002,6,2.9922,0.64402,0.044866,0.61,0.18761,4.6387,6.3971,23.25,70.5,8.4709,0
350.28,19.667,0,180,0.079726,0.084435,1.5,907,5.5881,0.7784800000000001,2.1011,0.037942000000000004,0.23809,1.5092,0.3069,0.0675,0.073125,0.14745999999999998,0.0025401,6,2.9922,0.66062,0.032936,0.546,0.21458000000000002,4.5776,7.9084,19.0,67.0,6.0982,0
340.07,21.2,0,180,0.079726,0.08767899999999999,1.25,903,5.3086,0.8003899999999999,2.2151,0.034484,0.21685,1.7355,0.31738,0.065,0.073125,0.15845,0.004767800000000001,5,2.9922,0.5953,0.041524,0.564,0.23075,5.6763,6.8276,20.75,71.0,7.3755,0
308.59,27.733,0,210,0.09965800000000001,0.095647,1.5,893,4.4734,0.8382200000000001,3.6726,0.0,0.2187,2.8458,0.35758,0.066875,0.0825,0.19365,0.006290100000000001,6,1.7709,0.45203000000000004,0.046292,0.516,0.29833000000000004,5.249,4.5758,23.75,71.0,8.875,0
265.26,18.533,0,195,0.09965800000000001,0.094069,1.75,895,5.1624,0.81916,4.3967,0.0,0.16921,2.9221,0.3117,0.064375,0.074375,0.16351,0.0043301,7,1.6488,0.51749,0.049963,0.6,0.25084,6.4087,10.96,27.75,71.0,10.593,0
276.09,29.4,0,165,0.10962000000000001,0.069444,1.75,925,9.3987,0.7735,2.9886,0.0078271,0.27221999999999996,2.2965,0.41905,0.068125,0.070625,0.2312,0.0040397,7,2.0151,0.32094,0.037677999999999996,0.406,0.28906,4.0283,11.765999999999998,30.5,73.75,12.41,0
430.5,23.8,0,240,0.11959000000000002,0.23333,2.0,630,4.0311,0.76171,2.9879,0.006654600000000001,0.26379,2.4715,0.3702,0.065625,0.08125,0.13445,0.0025336,8,2.0151,0.31594,0.031635,0.504,0.17448,3.9062,8.5772,28.0,76.0,11.789000000000001,0
416.67,18.0,0,180,0.16942000000000002,0.23254,3.25,633,4.9209,0.78586,2.9767,0.0047665,0.2188,2.3188,0.31531,0.054375,0.07,0.12905999999999998,0.0021455,8,2.0151,0.5615,0.034113,0.5760000000000001,0.18634,4.2114,5.9039,26.5,78.75,11.925,0
400.78,15.8,0,195,0.12955999999999998,0.23963,2.25,603,5.09,0.73885,3.0465,0.0046881,0.23163000000000003,2.3894,0.2861,0.065625,0.075,0.13352999999999998,0.0016124000000000002,8,2.1373,0.5078,0.034177,0.618,0.14037,4.1504,8.7275,22.75,75.25,9.7546,0
514.08,44.067,0,135,0.089692,0.11395,2.0,869,2.8673,0.76761,2.9008,0.0,0.38197,2.2484,0.43048000000000003,0.051875,0.07875,0.11737,0.0044003,7,2.0151,0.21775,0.025604000000000002,0.522,0.20215999999999998,4.0894,5.3709,23.25,74.5,9.2875,0
352.61,14.467,0,195,0.17937999999999998,0.2292,3.5,645,6.0288,0.74985,2.1219,0.019788999999999998,0.30133000000000004,1.525,0.26918000000000003,0.070625,0.0725,0.14019,0.0022475,8,2.8701,0.6470899999999999,0.032626,0.662,0.1642,4.4556,10.831,22.0,70.25,7.9768,0
466.73,14.933,0,195,0.18935,0.23814000000000002,3.75,610,6.3781,0.75131,3.2966,0.0039986,0.20614000000000002,2.4038,0.27151,0.070625,0.06875,0.14439000000000002,0.0021834,7,1.893,0.56185,0.028765,0.568,0.15463,5.0659,9.4267,24.75,72.0,9.3055,0
333.44,14.933,0,180,0.20928000000000002,0.2262,3.75,655,6.0864,0.76947,2.2116,0.022381,0.32778,1.635,0.25289,0.066875,0.07,0.13284,0.0013212,7,2.7479,0.69662,0.03283,0.64,0.16575,3.9062,7.956,23.5,75.0,9.7645,0
266.07,71.133,390,240,0.21925,0.25025,4.25,502,-0.90212,0.46338999999999997,1.2835,0.014147,0.56516,0.4585,0.78095,0.094375,0.11313,0.32638,0.10570999999999998,17,3.8471,0.74687,0.0029303000000000003,0.13,1.0725,3.8452,16.328,34.25,96.5,22.445999999999998,1
333.99,13.867,0,195,0.16942000000000002,0.22743000000000002,3.0,651,4.3231,0.79735,3.1862,0.002669,0.19592,2.457,0.31468,0.063125,0.075,0.1383,0.0026456,8,1.893,0.6051300000000001,0.022115,0.512,0.17085,3.9673,8.1436,28.75,77.75,13.034,0
274.53,21.2,0,225,0.17937999999999998,0.18567,3.25,754,4.1016,0.8305100000000001,3.6566,0.0041869,0.17506,2.7078,0.33171999999999996,0.0725,0.085625,0.11965999999999999,0.0034474,8,1.893,0.49943000000000004,0.046027,0.636,0.21429,5.4932,4.7959,30.0,78.0,13.183,0
369.42,53.8,60,165,0.16942000000000002,0.20776999999999998,2.75,706,0.2322,0.41066,1.3264,0.013449000000000001,0.68179,0.27873000000000003,0.6389699999999999,0.09375,0.10375,0.26199,0.014072999999999999,17,2.7479,0.9677899999999999,0.00083593,0.146,0.50752,0.61035,63.217,37.25,100.75,25.616999999999997,1
321.03,55.533,90,195,0.25911,0.24602,5.25,565,-0.1794,0.57562,1.6669,0.02023,0.39006,0.9842299999999999,0.60446,0.095625,0.10937999999999999,0.38261,0.089249,24,2.7479,0.8615,0.005039,0.08199999999999999,0.3862,2.8687,28.993000000000002,38.5,97.75,25.558000000000003,1
343.75,75.867,270,165,0.14949,0.24929,3.0,531,-1.2463,0.30458,1.2670000000000001,0.016694,0.6613399999999999,0.36838000000000004,0.92375,0.093125,0.1025,0.2441,0.10667,22,2.9922,0.9737,0.00077446,0.096,0.8162699999999999,0.36621,23.081,28.75,89.0,15.578,1
839.66,7.6,90,75,0.13952,0.24266999999999997,2.5,587,11.557,0.7813100000000001,2.9182,0.012943000000000001,0.15285,2.4742,0.21009,0.045,0.0575,0.1065,0.00018629,4,2.3815,0.59154,0.045228,0.7440000000000001,0.11842000000000001,5.9204,16.515,16.5,61.0,4.6597,0
816.52,11.0,120,135,0.11959000000000002,0.24961999999999998,2.5,525,9.1462,0.7733399999999999,2.8064,0.012918,0.14515,2.3706,0.25079,0.04875,0.053125,0.10998,0.00040144,5,2.5037,0.60955,0.04991,0.7040000000000001,0.19427,6.0425,9.8325,20.5,66.25,6.5216,0
840.01,13.933,120,135,0.16942000000000002,0.24909,2.75,534,8.6841,0.77428,2.8601,0.012355,0.15308,2.4276,0.26118,0.05125,0.056875,0.1174,0.00038804,5,2.5037,0.62888,0.054024,0.6759999999999999,0.18987,5.9814,7.8848,21.0,64.75,6.6573,0
183.13,39.533,60,285,0.20928000000000002,0.19163,4.0,742,0.88016,0.6281800000000001,1.9985,0.026568,0.29741,1.3881,0.43208,0.08625,0.096875,0.40329,0.028861,8,3.6028,0.73341,0.064067,0.34600000000000003,0.29091999999999996,3.9062,20.11,18.0,82.25,9.0828,1
223.11,42.867,0,195,0.28901,0.22743000000000002,6.5,651,0.10212,0.57172,1.6204,0.018484,0.41876,0.9408299999999999,0.54664,0.0875,0.10125,0.37235,0.049609,15,3.4807,0.8400200000000001,0.027093,0.25,0.32139,3.4789999999999996,29.537,14.0,83.75,7.4444,1
200.74,59.6,90,270,0.27904,0.21525,6.5,687,-0.25948000000000004,0.5395,2.1535,0.011179999999999999,0.26693,1.5062,0.48933999999999994,0.0925,0.094375,0.37881,0.042838,13,3.4807,0.7621899999999999,0.055402,0.264,0.34126999999999996,3.6621,29.391,19.0,95.0,11.817,1
584.41,21.8,60,135,0.22921,0.23535,4.0,622,4.3144,0.6893699999999999,2.5837,0.024388,0.22778,2.1136,0.32968000000000003,0.08125,0.069375,0.15535,0.0015086,7,2.3815,0.55033,0.021778,0.568,0.16625,5.127000000000001,35.164,16.75,75.5,7.1347,0
536.96,13.267000000000001,60,150,0.16942000000000002,0.14775,3.25,820,6.0544,0.81387,4.4436,0.012332,0.11402999999999999,3.016,0.29799000000000003,0.05875,0.065625,0.09283999999999999,0.00038638,3,1.5266,0.41257,0.054266999999999996,0.7959999999999999,0.074318,6.7749,32.179,15.25,59.5,4.3624,0
1251.2,14.2,60,45,0.14949,0.24548000000000003,2.75,569,8.8823,0.76644,3.2226,0.011761,0.16819,2.4308,0.25216,0.053125,0.061875,0.094558,0.0014672,3,1.5266,0.56357,0.011419,0.7859999999999999,0.10153,3.8452,40.306,32.25,78.0,13.956,0
1328.9,13.867,60,60,0.12955999999999998,0.24575999999999998,2.5,567,8.2137,0.7553,3.051,0.012637,0.17352,2.3354,0.27291,0.051875,0.055625,0.086877,0.0010422,3,1.5266,0.56965,0.009206299999999999,0.8059999999999999,0.093511,3.7231,52.068000000000005,13.5,71.75,4.8736,0
1201.9,11.133,45,45,0.09965800000000001,0.23769,1.5,612,10.356,0.7729699999999999,3.3237,0.009257399999999999,0.16178,2.5014,0.25869000000000003,0.055625,0.056875,0.079779,0.00052186,3,1.5266,0.56411,0.01077,0.8320000000000001,0.078338,3.7231,59.0,11.5,66.0,3.8333,0
1369.0,14.732999999999999,60,45,0.10962000000000001,0.24765,1.75,551,8.2302,0.76868,3.3089,0.011245,0.16505,2.5247,0.26033,0.05375,0.0625,0.085099,0.00088196,3,1.5266,0.57252,0.009528299999999998,0.818,0.086418,3.7231,34.971,13.75,63.0,4.1949,0
1019.3,15.4,0,75,0.089692,0.054691,1.0,942,5.0285,0.83588,3.8291,0.0039071999999999996,0.17822000000000002,2.7625,0.27505,0.058125,0.064375,0.091333,0.00046681,4,1.5266,0.39539,0.019272,0.6859999999999999,0.083411,5.4932,58.659,21.5,83.25,10.097999999999999,0
914.09,5.0,30,45,0.21925,0.18362,3.75,758,19.875,0.80701,1.6321,0.0456,0.27944,0.9318299999999999,0.21081999999999998,0.03875,0.046875,0.078113,0.00075501,2,4.0914,0.56262,0.048147,0.804,0.080537,5.3711,45.325,10.25,46.75,2.1707,0
1177.1,14.933,60,60,0.18935,0.2452,3.75,571,8.4489,0.76763,3.3682,0.010123,0.16348,2.4723,0.27305999999999997,0.05625,0.06375,0.12919,0.0037654000000000003,3,1.5266,0.56199,0.013597,0.664,0.096818,3.7842,43.232,16.5,78.5,8.1334,0
937.43,26.066999999999997,90,75,0.10962000000000001,0.24548000000000003,1.75,569,4.0544,0.73569,2.001,0.026762,0.27378,1.3747,0.37585999999999997,0.065,0.070625,0.090847,0.00099198,4,2.1373,0.40510999999999997,0.0038048,0.752,0.15745,3.6621,15.508,15.25,65.5,4.7965,0
927.62,29.467,120,75,0.11959000000000002,0.24722,2.0,555,3.0901,0.73953,3.8455,0.00089151,0.16099000000000002,2.7423,0.39771999999999996,0.066875,0.07875,0.099742,0.0012107,5,1.1602,0.4386,0.0040606999999999996,0.69,0.27754,3.7231,11.775,14.5,59.75,4.0156,0
919.36,29.933000000000003,90,60,0.13952,0.23655,2.25,617,4.3249,0.71985,1.9833,0.037301999999999995,0.23590999999999998,1.4132,0.35559,0.050625,0.063125,0.098384,0.0011767000000000001,4,2.2594,0.37984,0.0040227,0.75,0.16851,4.0283,19.628,17.5,63.5,5.2417,0
893.99,28.933000000000003,105,75,0.10962000000000001,0.2452,2.0,571,3.4433,0.7265,1.8866,0.031678,0.24605,1.26,0.3972,0.06625,0.075,0.096175,0.0011986,5,2.2594,0.40421,0.0037247,0.696,0.18897,3.6621,10.204,15.0,60.25,4.4247,0
629.72,25.333000000000002,30,90,0.12955999999999998,0.23228000000000001,2.25,634,4.0489999999999995,0.68909,1.9811,0.015758,0.36105,1.335,0.38615,0.078125,0.084375,0.11689000000000001,0.0011759000000000001,7,1.6488,0.28504,0.0017099,0.6559999999999999,0.16432,1.8921,30.111,15.0,69.0,5.2339,0
317.24,5.2667,0,195,0.12955999999999998,0.15652,2.25,806,14.0,0.84977,2.456,0.021946,0.20026,1.9734,0.17379,0.0325,0.041875,0.056361,0.00014167,4,3.3586,0.47125,0.10655,0.858,0.0733,6.7749,8.689,19.25,64.25,5.8409,0
518.56,9.6667,30,165,0.15945,0.19867,2.75,727,10.23,0.83654,1.2279,0.06155,0.32397,0.491,0.22419,0.04,0.053125,0.10217999999999999,0.0010747,5,5.8012,0.5184,0.064916,0.7979999999999999,0.12040999999999999,6.1035,23.252,16.0,64.0,4.9469,0
198.86,5.4,0,300,0.19932,0.1751,4.0,774,17.729,0.8458600000000001,2.3422,0.025247,0.19737000000000002,1.8117,0.16147,0.03625,0.040625,0.097772,0.00058487,4,3.4807,0.50584,0.10194,0.8640000000000001,0.09063500000000001,6.3477,10.809000000000001,17.0,61.75,4.9284,0
250.0,5.8667,0,240,0.13952,0.17674,2.75,771,13.561,0.8504700000000001,3.5617,0.013341,0.11597,2.8637,0.19094,0.033125,0.043125,0.067851,0.00034658,5,2.2594,0.47336000000000006,0.092073,0.856,0.089768,6.897,21.256999999999998,19.75,63.75,5.946000000000001,0
343.14,5.8,0,255,0.13952,0.15835,2.5,803,13.732999999999999,0.8570700000000001,2.3984,0.022336,0.21506,1.8787,0.18971,0.02875,0.04,0.067768,0.00017254,5,3.3586,0.46058999999999994,0.097959,0.858,0.10565999999999999,6.7139,33.166,20.0,66.25,6.2871,0
849.21,24.866999999999997,60,90,0.089692,0.21561999999999998,1.5,686,3.5441,0.69611,2.8749,0.0032801,0.23865,2.3661,0.33171,0.064375,0.073125,0.076173,7.9705e-05,5,1.893,0.53801,0.0072033999999999996,0.74,0.15462,4.2725,52.518,21.75,68.25,7.0520000000000005,0
532.34,4.3333,0,195,0.10962000000000001,0.23146,1.5,637,18.893,0.84429,4.5602,0.0068906,0.099689,2.9687,0.14377,0.03125,0.033125,0.047299,7.1719e-05,3,1.5266,0.53992,0.043470999999999996,0.9059999999999999,0.049324,5.7983,26.444000000000003,13.75,48.5,3.0416,0
348.71,12.0,0,120,0.10962000000000001,0.23201,1.75,635,6.9251,0.6532399999999999,2.7471,0.018199,0.17726,2.3133,0.24786,0.064375,0.07,0.098061,5.5461e-05,4,2.3815,0.53961,0.037221,0.684,0.07975700000000001,5.4321,44.082,23.5,81.0,11.23,0
699.67,7.7333,90,90,0.21925,0.24794000000000002,4.25,548,9.76,0.75053,2.3269,0.018186,0.22854000000000002,1.8428,0.24903000000000003,0.0625,0.073125,0.098981,0.00061981,4,2.7479,0.59101,0.036198,0.76,0.055682,5.249,12.561,16.25,60.25,4.7643,0
974.46,16.867,90,135,0.14949,0.22098,2.5,671,6.9104,0.83985,2.7291,0.023106,0.17259000000000002,2.3096,0.27051,0.046875,0.055,0.09089900000000001,0.00040456,4,2.1373,0.46535,0.013061000000000001,0.778,0.12917,5.3101,12.319,18.75,53.5,4.6875,0
629.3,10.133,180,105,0.22921,0.24923,5.25,532,7.4044,0.67966,1.8229,0.01668,0.31587,1.1341,0.25551999999999997,0.051875,0.054375,0.12454000000000001,0.0012554,6,4.8241,0.5186,0.12105,0.716,0.1985,6.3477,8.2609,29.25,73.25,11.13,0
641.96,9.7333,180,105,0.22921,0.24677,5.25,559,9.2023,0.70839,1.8401,0.019469,0.30644,1.1909,0.24499,0.05125,0.05125,0.11533,0.0012706,6,4.702,0.52558,0.12139000000000001,0.7440000000000001,0.16366,6.3477,7.777,27.5,73.0,9.9752,0
636.46,8.0,150,105,0.18935,0.24722,4.75,555,8.8922,0.76195,1.6758,0.029973000000000003,0.31690999999999997,0.96724,0.25469,0.049375,0.0525,0.11143,0.0010374,6,4.8241,0.54499,0.092959,0.7759999999999999,0.19972,6.3477,5.2273,24.5,73.75,9.0457,0
648.71,7.4667,150,105,0.21925,0.24733000000000002,4.75,554,8.9511,0.74848,1.6991,0.028493,0.31298000000000004,1.031,0.25689,0.0475,0.046875,0.111,0.0012385999999999999,6,4.702,0.5529,0.091674,0.758,0.17598,6.4087,2.4052,25.0,72.5,8.9396,0
546.25,21.133000000000003,90,90,0.11959000000000002,0.1751,1.5,774,4.2208,0.8906200000000001,4.4374,0.019019,0.15414,2.6694,0.30654000000000003,0.06875,0.07625,0.14647000000000002,0.0015745999999999998,4,1.6488,0.26521999999999996,0.084511,0.8,0.09958600000000001,7.7515,49.854,14.25,49.5,3.2506,0
554.35,29.467,60,105,0.12955999999999998,0.18258,2.0,760,2.2951,0.83509,3.781,0.023171999999999998,0.17048,2.4877,0.35679,0.085,0.088125,0.18356,0.0027889,3,1.893,0.27981,0.067128,0.774,0.094876,5.7373,14.102,16.0,65.25,5.1429,0
522.06,24.0,60,90,0.09965800000000001,0.18567,1.5,754,3.983,0.84291,4.4604,0.015333000000000001,0.15946,2.5518,0.32897,0.073125,0.076875,0.14017000000000002,0.0013741,3,1.5266,0.28228000000000003,0.07233099999999999,0.846,0.078659,7.2632,33.295,17.25,61.75,5.2024,0
361.31,32.6,90,120,0.11959000000000002,0.21599000000000002,1.75,685,2.6371,0.8358700000000001,3.8789999999999996,0.022683000000000002,0.1831,2.5637,0.36455,0.08375,0.085625,0.18062999999999999,0.0025872,4,1.7709,0.24904,0.073646,0.738,0.09651900000000001,6.2866,23.015,19.0,60.5,5.3652,0
363.43,27.8,90,120,0.11959000000000002,0.20092000000000002,2.0,722,2.5247,0.8446899999999999,3.7744,0.023049,0.19084,2.6332,0.33298,0.073125,0.08375,0.15995,0.0022959,4,1.893,0.2425,0.085265,0.7659999999999999,0.06726599999999999,6.6528,20.649,17.5,59.5,4.86,0
355.77,34.133,90,120,0.12955999999999998,0.19114,1.75,743,1.2824,0.84849,3.5828,0.028756999999999998,0.168,2.5923,0.39491,0.08375,0.085625,0.20323,0.004282800000000001,5,1.893,0.22849,0.07442599999999999,0.69,0.11233,6.2256,29.570999999999998,19.25,68.75,6.9381,0
401.22,30.733,60,105,0.15945,0.18667999999999998,2.5,752,2.0656,0.8425600000000001,4.148,0.020968,0.16973,2.4583,0.37195,0.0875,0.08375,0.20865999999999998,0.0011297,3,1.7709,0.23745,0.089378,0.772,0.097464,6.897,20.831999999999997,15.5,56.0,4.0185,0
392.4,31.533,60,165,0.13952,0.17942,2.25,766,1.9939,0.86255,4.4854,0.017151,0.15982000000000002,2.5915,0.35683000000000004,0.086875,0.081875,0.27581,0.0068054000000000005,3,1.7709,0.2778,0.1072,0.672,0.12542,6.7749,24.609,13.5,70.5,5.2875,0
373.85,36.8,60,165,0.15945,0.19591,2.75,733,1.8167,0.81314,4.0998,0.016832,0.1746,2.4426,0.3808,0.085,0.08875,0.23844,0.0048825000000000006,3,1.893,0.29588000000000003,0.08292100000000001,0.682,0.11164,6.2866,29.021,15.75,52.75,3.8823,0
259.02,41.067,90,210,0.16942000000000002,0.21449000000000001,2.75,689,0.9544,0.8386600000000001,7.0086,0.0,0.095511,1.9021,0.49287,0.088125,0.096875,0.2814,0.010598999999999999,6,1.4045,0.31604,0.046968,0.45799999999999996,0.2239,6.2866,26.989,22.0,68.5,7.9947,0
182.42,38.467,90,225,0.16942000000000002,0.1678,3.0,787,0.9294399999999999,0.8388899999999999,7.4724,0.00055503,0.11652,1.7346,0.4444,0.08875,0.0925,0.39294,0.016489,5,1.0381,0.26156,0.13468,0.44799999999999995,0.15534,8.8501,50.776,19.25,91.25,11.1,0
218.99,40.067,60,165,0.18935,0.18617999999999998,3.5,753,0.9186700000000001,0.8280299999999999,3.4295,0.034231,0.1523,2.4993,0.4764,0.085625,0.086875,0.39266,0.022858,9,2.0151,0.24686,0.076669,0.368,0.23496,6.7139,35.239000000000004,26.0,91.75,15.745999999999999,0
404.4,33.867,60,90,0.089692,0.18567,1.5,754,1.7321,0.8640399999999999,7.4722,0.0,0.14779,1.5306,0.39324000000000003,0.08875,0.08375,0.20179,0.0038509,3,1.893,0.1838,0.073608,0.738,0.10877,6.8359,28.206,14.0,63.25,4.4055,0
222.71,58.867,90,225,0.17937999999999998,0.21411,3.0,690,-0.3037,0.32559,0.92845,0.035657,0.6027100000000001,0.08645900000000001,0.7340899999999999,0.095625,0.11375,0.36451,0.029338,18,4.4577,0.93814,0.0023844,0.154,0.54379,1.2207,53.354,42.0,109.75,34.528,1
1088.3,14.6,0,120,0.09965800000000001,0.1198,1.25,861,9.8236,0.7681399999999999,2.7614,0.012186,0.28472,1.9594,0.24720999999999999,0.038125,0.048125,0.060578999999999994,9.618e-05,5,1.893,0.38683,0.018674,0.7979999999999999,0.099605,3.2349,67.193,14.5,70.0,5.5014,0
333.33,3.7333,0,180,0.06976,0.032876999999999997,0.75,966,22.903000000000002,0.9036299999999999,4.8357,0.0085536,0.11032,3.0306,0.14284000000000002,0.0375,0.038125,0.074308,0.00011229,3,1.7709,0.31263,0.17697000000000002,0.8740000000000001,0.043342,9.0942,26.131,15.0,58.5,4.0391,0
367.66,5.1333,0,225,0.06976,0.043927999999999995,1.0,954,16.783,0.8829100000000001,4.8619,0.010466,0.096638,3.0142,0.17417,0.041875,0.045625,0.082828,0.00016705,4,1.893,0.34115,0.16385999999999998,0.87,0.061943,9.0332,22.43,17.5,60.5,4.959,0
471.96,11.467,0,135,0.16942000000000002,0.23724,3.0,614,8.0381,0.83757,4.6531,0.007273300000000001,0.16383,2.5358,0.23313000000000003,0.0475,0.051875,0.06818099999999999,0.00013824,5,1.6488,0.36858,0.091839,0.762,0.098811,7.5073,32.186,17.75,63.25,5.5786,0
241.74,8.8,0,210,0.06976,0.060836,1.0,935,10.045,0.8422299999999999,4.6623,0.010973,0.078438,3.1953,0.19610999999999998,0.050625,0.056875,0.083099,0.00013517,5,1.893,0.35925999999999997,0.1563,0.852,0.090848,7.6904,23.068,18.75,54.0,4.7591,0
372.06,7.0667,0,180,0.06976,0.050241,1.0,947,14.993,0.82515,3.719,0.0047483000000000004,0.16908,2.7505,0.18925999999999998,0.04375,0.0525,0.08126900000000001,6.5115e-05,4,1.7709,0.55306,0.037852,0.8079999999999999,0.08025299999999999,5.188,65.9,18.75,71.25,6.9853,0
825.97,10.467,30,75,0.12955999999999998,0.16136,1.75,798,10.953,0.7287,2.3361,0.0089487,0.26714,1.7381,0.2273,0.04625,0.055625,0.062545,0.0001309,5,2.3815,0.61293,0.012234,0.706,0.093909,3.7231,49.723,21.25,65.5,7.1746,0
930.91,8.4667,120,90,0.19932,0.13041,4.0,846,9.2987,0.7860699999999999,1.9914,0.029882,0.20754,1.4005,0.2278,0.055,0.054375,0.1762,0.001474,5,4.2135,0.41508,0.15635,0.726,0.10455,7.8125,32.71,20.75,67.75,7.5785,0
1111.6,5.8,90,60,0.09965800000000001,0.065165,1.25,930,13.662,0.79348,1.3673,0.040863,0.33601,0.5049399999999999,0.16052,0.0375,0.03875,0.1032,0.00025616,3,6.2897,0.4622,0.14653,0.878,0.049731,7.7515,32.887,15.75,61.5,4.7482,0
268.98,47.266999999999996,150,180,0.13952,0.20310999999999998,2.25,717,-0.3271,0.36734,1.6195,0.0012047,0.40141,0.6863,0.6446,0.09625,0.10937999999999999,0.2949,0.040938,16,4.0914,0.84588,0.0028710999999999997,0.128,0.79625,1.709,34.968,32.75,104.5,23.725,1
462.44,56.667,90,150,0.15945,0.20310999999999998,2.75,717,-0.39065,0.54952,1.7284,0.0090461,0.33285,0.88141,0.6876399999999999,0.1,0.11688,0.28492,0.041003,17,1.893,0.47358999999999996,0.0025041,0.11199999999999999,0.47105,1.8921,48.583,23.75,98.75,15.43,1
369.3,55.333,60,210,0.12955999999999998,0.19821,2.0,728,-0.29163,0.54359,1.7232,0.003334,0.38500999999999996,0.93855,0.6594,0.095625,0.11062999999999999,0.27608,0.04112,18,1.893,0.45628,0.0020842,0.16,0.54385,2.1362,79.376,37.5,95.75,24.058000000000003,1
800.59,7.2,60,45,0.079726,0.1678,1.25,787,11.290999999999999,0.80745,3.8117,0.011883,0.14343,3.0411,0.19394,0.05125,0.059375,0.061685000000000004,0.00019704,3,2.1373,0.35796,0.1035,0.8640000000000001,0.030273,7.9346,22.793000000000003,24.0,72.5,9.0039,0
1191.1,14.067,75,45,0.079726,0.1973,0.75,730,10.265999999999998,0.8214899999999999,4.8037,0.0029473000000000004,0.14628,2.6799,0.2164,0.055,0.05125,0.047536,0.00017919,3,1.2824,0.41923,0.046054000000000005,0.8079999999999999,0.053513,5.9814,29.046,14.0,54.25,3.492,0
1056.2,15.0,90,60,0.05979500000000001,0.20135999999999998,0.75,721,10.402999999999999,0.8183699999999999,3.0609,0.020846,0.1636,2.6372,0.23560999999999999,0.04625,0.05375,0.054832000000000006,0.00034825,3,2.1373,0.37629,0.049842000000000004,0.8079999999999999,0.056792999999999996,6.1035,34.605,16.25,55.75,4.199,0
853.91,13.732999999999999,60,45,0.06976,0.19497,0.75,735,12.682,0.81034,3.1213,0.016669,0.15833,2.7436,0.20806999999999998,0.055625,0.05,0.06680499999999999,0.00026989,3,2.2594,0.41852,0.054069000000000006,0.818,0.052881,6.2866,55.931000000000004,20.25,72.5,7.5288,0
367.36,4.6667,0,165,0.17937999999999998,0.20694,3.25,708,17.027,0.78828,2.2845,0.022012999999999998,0.228,1.7442,0.15550999999999998,0.04125,0.040625,0.052962,0.00024579,3,2.6258,0.6583899999999999,0.018947,0.8759999999999999,0.074193,4.8218,36.05,14.0,47.25,3.0034,0
402.2,8.8,30,30,0.05979500000000001,0.14839000000000002,0.5,819,18.576,0.81117,3.7077,0.007250199999999999,0.1807,2.9481,0.15172,0.04125,0.045625,0.053626,0.00010053,2,1.7709,0.39435,0.054694000000000007,0.892,0.030261,6.4697,48.15,19.0,60.25,5.6531,0
493.31,10.267000000000001,60,45,0.05979500000000001,0.19821,0.5,728,12.965,0.84026,4.3069,0.0054086,0.16183,2.9274,0.17279,0.036875,0.05,0.039923,0.00021028,3,1.6488,0.36774,0.062946,0.86,0.03985,6.7749,20.249000000000002,14.0,71.0,5.0265,0
884.89,8.7333,60,45,0.089692,0.1945,1.5,736,11.796,0.8484700000000001,4.2201,0.009038899999999999,0.14725,3.0945,0.20277,0.048125,0.053125,0.061387,0.00018731,3,1.6488,0.36835999999999997,0.071474,0.84,0.056173,7.3242,29.34,16.75,55.5,4.3238,0
792.71,8.8,60,45,0.09965800000000001,0.14124,1.25,830,12.745999999999999,0.8685200000000001,3.8749,0.0078078999999999996,0.11623,3.1162,0.18604,0.03875,0.04375,0.041915,0.00018632,3,1.4045,0.31006,0.11707999999999999,0.882,0.033836,8.4229,46.051,15.75,72.25,5.7837,0
525.91,5.2,30,30,0.049829000000000005,0.02058,0.5,979,26.526999999999997,0.84929,5.4839,0.0054371,0.088007,2.8133,0.14983,0.03125,0.035,0.049116,9.6825e-05,2,1.4045,0.44985,0.10221000000000001,0.9359999999999999,0.025483000000000002,6.957999999999999,31.094,32.25,72.25,12.042,0
1211.4,9.0,60,45,0.06976,0.18362,0.75,758,13.748,0.84226,4.0179,0.012034999999999999,0.15743,2.9615,0.20074,0.045,0.051875,0.046712000000000004,0.00013963,3,1.7709,0.35386,0.07885199999999999,0.87,0.025849,7.2632,31.578000000000003,15.25,57.25,4.0326,0
494.46,8.8,30,45,0.079726,0.18414,1.25,757,13.731,0.79966,4.5698,0.0045411,0.16482,2.8273,0.17300000000000001,0.0425,0.049375,0.056198000000000005,0.00020704,2,1.6488,0.34765,0.07512,0.902,0.03009,7.2632,42.184,15.5,63.0,4.8764,0
760.13,7.7333,60,45,0.05979500000000001,0.031007,0.75,968,19.291,0.84191,1.8319,0.041121,0.23568000000000003,1.2371,0.15304,0.031875,0.039375,0.046769,8.026600000000001e-05,3,1.6488,0.48598,0.087005,0.8859999999999999,0.021103,6.5918,45.748999999999995,13.75,48.25,3.0398,0
481.83,7.8,60,60,0.079726,0.027243,0.75,972,16.482,0.84841,3.5646,0.013863,0.12841,3.0406,0.18275999999999998,0.0375,0.043125,0.075508,0.00014373,3,2.2594,0.324,0.10922,0.866,0.028807999999999997,7.9346,50.841,34.25,72.0,12.844000000000001,0
884.65,11.8,60,45,0.11959000000000002,0.15342999999999998,1.5,811,12.203,0.83104,3.7699,0.012675,0.1448,3.0528,0.2034,0.04625,0.05375,0.0811,0.00033696,3,2.0151,0.33660999999999996,0.10536,0.8440000000000001,0.052530999999999994,7.5684,23.958000000000002,31.25,73.25,11.799000000000001,0
607.91,11.467,90,45,0.11959000000000002,0.13790999999999998,1.5,835,11.231,0.84277,3.4833,0.0164,0.12717,2.9297,0.21941,0.04625,0.051875,0.065202,0.0001896,3,2.2594,0.34915999999999997,0.10452,0.884,0.039611,7.9346,34.369,28.5,69.5,10.29,0
486.18,23.333000000000002,0,60,0.06976,0.064303,0.75,931,9.0346,0.68979,1.7742,0.022934,0.34838,1.0463,0.27944,0.049375,0.049375,0.025925999999999998,6.2086e-05,3,2.6258,0.64956,0.0084783,0.7659999999999999,0.041179,2.8076,46.826,21.0,75.25,8.8282,0
391.76,10.533,30,75,0.049829000000000005,0.025349,0.5,974,21.255,0.81808,5.1656,0.0019807,0.12724000000000002,2.6843,0.20867,0.038125,0.046875,0.065598,0.00010528,4,1.5266,0.40014,0.079056,0.858,0.036683999999999994,7.5073,24.499000000000002,21.75,61.75,6.3803,0
914.35,10.2,60,45,0.11959000000000002,0.14711,1.5,821,13.571,0.8509,4.2735,0.0094331,0.14246,3.0555,0.19692,0.045625,0.0425,0.058037,0.00020891,3,1.7709,0.32714,0.11692000000000001,0.882,0.039238,8.2397,49.201,30.0,75.25,11.667,0
